position,Año 0,Año 1,Año 2,Año 3,Año 4,Año 5,Año 6,Año 7,Año 8,Año 9,Año 10,Año 11,Año 12,Año 13,Año 14,Año 15,Año 16,Año 17,Año 18,Año 19,Año 20,Año 21,Año 22,Año 23,Año 24,Año 25,Año 26,Año 27,Año 28,Año 29,Año 30
333.3330078125,299.97396313032374,122.66996168891619,110.14081213850494,107.32071384633024,106.18003841428728,105.58604840683236,105.20655471079965,104.92920224038478,104.73975623523853,104.6084164861071,104.51491596005661,104.44657987225646,104.39534567575625,104.35626849332371,104.32598199230324,104.30217174559428,104.28312889641458,104.26769923420592,104.25507800409132,104.24468107789222,104.23606953124147,104.2289018022978,104.22290750083978,104.21787110909642,104.213617097373,104.20999880388119,104.20690402142463,104.20421354999206,104.2018627675471,104.19981400787543,104.19802691750864
339.9996643066406,299.97396313032374,210.57021680431293,164.233125897183,143.9229125691015,133.919565061405,128.47005556865506,125.08095468732085,122.89064819633452,121.42510155459536,120.41336198739664,119.69896287947003,119.17591518189941,118.78071804409315,118.47816714039011,118.2441562195503,118.0611160046698,117.91624582472427,117.8003345140596,117.70668781748462,117.63038587085009,117.56777383675639,117.51607611181878,117.47316248105209,117.43736858898943,117.40724955366922,117.38158717401028,117.35964876206634,117.33930507291838,117.32104799810949,117.30505864928195,117.2911429831949
346.6663513183594,299.97396313032374,210.57021680431293,164.233125897183,143.9229125691015,133.919565061405,128.47005556865506,125.08095468732085,122.89064819633452,121.42510155459536,120.41336198739664,119.69896287947003,119.17591518189941,118.78071804409315,118.47816714039011,118.2441562195503,118.0611160046698,117.91624582472427,117.8003345140596,117.70668781748462,117.63038587085009,117.56777383675639,117.51607611181878,117.47316248105209,117.43736858898943,117.40724955366922,117.38158717401028,117.35964876206634,117.33930507291838,117.32104799810949,117.30505864928195,117.2911429831949
353.3330078125,299.97396313032374,210.57021680431293,164.233125897183,143.9229125691015,133.919565061405,128.47005556865506,125.08095468732085,122.89064819633452,121.42510155459536,120.41336198739664,119.69896287947003,119.17591518189941,118.78071804409315,118.47816714039011,118.2441562195503,118.0611160046698,117.91624582472427,117.8003345140596,117.70668781748462,117.63038587085009,117.56777383675639,117.51607611181878,117.47316248105209,117.43736858898943,117.40724955366922,117.38158717401028,117.35964876206634,117.33930507291838,117.32104799810949,117.30505864928195,117.2911429831949
359.99969482421875,299.97396313032374,210.57021680431293,164.233125897183,143.9229125691015,133.919565061405,128.47005556865506,125.08095468732085,122.89064819633452,121.42510155459536,120.41336198739664,119.69896287947003,119.17591518189941,118.78071804409315,118.47816714039011,118.2441562195503,118.0611160046698,117.91624582472427,117.8003345140596,117.70668781748462,117.63038587085009,117.56777383675639,117.51607611181878,117.47316248105209,117.43736858898943,117.40724955366922,117.38158717401028,117.35964876206634,117.33930507291838,117.32104799810949,117.30505864928195,117.2911429831949
366.6663513183594,299.97396313032374,210.57021680431293,164.233125897183,143.9229125691015,133.919565061405,128.47005556865506,125.08095468732085,122.89064819633452,121.42510155459536,120.41336198739664,119.69896287947003,119.17591518189941,118.78071804409315,118.47816714039011,118.2441562195503,118.0611160046698,117.91624582472427,117.8003345140596,117.70668781748462,117.63038587085009,117.56777383675639,117.51607611181878,117.47316248105209,117.43736858898943,117.40724955366922,117.38158717401028,117.35964876206634,117.33930507291838,117.32104799810949,117.30505864928195,117.2911429831949
373.3330078125,299.97396313032374,275.1571270904377,240.66241646097552,213.62312752593488,194.23568464633792,180.4647641140041,170.6938708484859,163.62359104659527,158.38193840896994,154.4748929364026,151.54566909264068,149.248229219957,147.4584885143759,146.06121520439638,144.95920859906724,144.08184185156577,143.37856560154603,142.81119068144636,142.3490635381376,141.96976346008134,141.65663347150704,141.39690164680772,141.18056391782093,140.99967167186767,140.8436861389757,140.70754187253235,140.59030834858768,140.49023199532743,140.40439395684294,140.33048004480042,140.26667187915334
379.99969482421875,299.97396313032374,275.1571270904377,240.66241646097552,213.62312752593488,194.23568464633792,180.4647641140041,170.6938708484859,163.62359104659527,158.38193840896994,154.4748929364026,151.54566909264068,149.248229219957,147.4584885143759,146.06121520439638,144.95920859906724,144.08184185156577,143.37856560154603,142.81119068144636,142.3490635381376,141.96976346008134,141.65663347150704,141.39690164680772,141.18056391782093,140.99967167186767,140.8436861389757,140.70754187253235,140.59030834858768,140.49023199532743,140.40439395684294,140.33048004480042,140.26667187915334
386.6663513183594,299.97396313032374,275.1571270904377,240.66241646097552,213.62312752593488,194.23568464633792,180.4647641140041,170.6938708484859,163.62359104659527,158.38193840896994,154.4748929364026,151.54566909264068,149.248229219957,147.4584885143759,146.06121520439638,144.95920859906724,144.08184185156577,143.37856560154603,142.81119068144636,142.3490635381376,141.96976346008134,141.65663347150704,141.39690164680772,141.18056391782093,140.99967167186767,140.8436861389757,140.70754187253235,140.59030834858768,140.49023199532743,140.40439395684294,140.33048004480042,140.26667187915334
393.3330383300781,299.97396313032374,275.1571270904377,240.66241646097552,213.62312752593488,194.23568464633792,180.4647641140041,170.6938708484859,163.62359104659527,158.38193840896994,154.4748929364026,151.54566909264068,149.248229219957,147.4584885143759,146.06121520439638,144.95920859906724,144.08184185156577,143.37856560154603,142.81119068144636,142.3490635381376,141.96976346008134,141.65663347150704,141.39690164680772,141.18056391782093,140.99967167186767,140.8436861389757,140.70754187253235,140.59030834858768,140.49023199532743,140.40439395684294,140.33048004480042,140.26667187915334
399.99969482421875,299.97396313032374,275.1571270904377,240.66241646097552,213.62312752593488,194.23568464633792,180.4647641140041,170.6938708484859,163.62359104659527,158.38193840896994,154.4748929364026,151.54566909264068,149.248229219957,147.4584885143759,146.06121520439638,144.95920859906724,144.08184185156577,143.37856560154603,142.81119068144636,142.3490635381376,141.96976346008134,141.65663347150704,141.39690164680772,141.18056391782093,140.99967167186767,140.8436861389757,140.70754187253235,140.59030834858768,140.49023199532743,140.40439395684294,140.33048004480042,140.26667187915334
406.6663818359375,299.97396313032374,295.15727906605093,281.9919433803522,266.0142160745475,250.45453897946274,236.56474113701944,224.67606808419893,214.69744879245326,206.47412000847578,199.70362152694787,194.12172001653357,189.5716310702524,185.84662170494562,182.7545712770949,180.193822958135,178.07864448995207,176.33179002885325,174.8729153888315,173.63368099478961,172.58456530141873,171.6980470570537,170.94906074948935,170.31558051915334,169.77886262488872,169.324943318008,168.9396802457244,168.61021372296054,168.3275041829882,168.08430875316355,167.87455127064663,167.69319216533353
413.3330383300781,299.97396313032374,295.15727906605093,281.9919433803522,266.0142160745475,250.45453897946274,236.56474113701944,224.67606808419893,214.69744879245326,206.47412000847578,199.70362152694787,194.12172001653357,189.5716310702524,185.84662170494562,182.7545712770949,180.193822958135,178.07864448995207,176.33179002885325,174.8729153888315,173.63368099478961,172.58456530141873,171.6980470570537,170.94906074948935,170.31558051915334,169.77886262488872,169.324943318008,168.9396802457244,168.61021372296054,168.3275041829882,168.08430875316355,167.87455127064663,167.69319216533353
419.99969482421875,299.97396313032374,295.15727906605093,281.9919433803522,266.0142160745475,250.45453897946274,236.56474113701944,224.67606808419893,214.69744879245326,206.47412000847578,199.70362152694787,194.12172001653357,189.5716310702524,185.84662170494562,182.7545712770949,180.193822958135,178.07864448995207,176.33179002885325,174.8729153888315,173.63368099478961,172.58456530141873,171.6980470570537,170.94906074948935,170.31558051915334,169.77886262488872,169.324943318008,168.9396802457244,168.61021372296054,168.3275041829882,168.08430875316355,167.87455127064663,167.69319216533353
426.6663818359375,299.97396313032374,295.15727906605093,281.9919433803522,266.0142160745475,250.45453897946274,236.56474113701944,224.67606808419893,214.69744879245326,206.47412000847578,199.70362152694787,194.12172001653357,189.5716310702524,185.84662170494562,182.7545712770949,180.193822958135,178.07864448995207,176.33179002885325,174.8729153888315,173.63368099478961,172.58456530141873,171.6980470570537,170.94906074948935,170.31558051915334,169.77886262488872,169.324943318008,168.9396802457244,168.61021372296054,168.3275041829882,168.08430875316355,167.87455127064663,167.69319216533353
433.3330383300781,299.97396313032374,295.15727906605093,281.9919433803522,266.0142160745475,250.45453897946274,236.56474113701944,224.67606808419893,214.69744879245326,206.47412000847578,199.70362152694787,194.12172001653357,189.5716310702524,185.84662170494562,182.7545712770949,180.193822958135,178.07864448995207,176.33179002885325,174.8729153888315,173.63368099478961,172.58456530141873,171.6980470570537,170.94906074948935,170.31558051915334,169.77886262488872,169.324943318008,168.9396802457244,168.61021372296054,168.3275041829882,168.08430875316355,167.87455127064663,167.69319216533353
439.9997253417969,299.97396313032374,299.2113850733123,295.6636649253084,289.37447884917947,281.37460116830374,272.6281611564217,263.8529211924984,255.41429210560983,247.595132273796,240.54606747015,234.24051156560688,228.6762459428406,223.78369995714576,219.54824920661466,215.85855262844245,212.6541944127382,209.88475522795872,207.47808922318907,205.40727013964644,203.62074985407878,202.07946602662196,200.74787257458675,199.5959847980006,198.59844485475946,197.7253590907302,196.96047600165514,196.29291274989873,195.7108637895516,195.20308551057332,194.75977660619594,194.37246678941523
446.6663818359375,299.97396313032374,299.2113850733123,295.6636649253084,289.37447884917947,281.37460116830374,272.6281611564217,263.8529211924984,255.41429210560983,247.595132273796,240.54606747015,234.24051156560688,228.6762459428406,223.78369995714576,219.54824920661466,215.85855262844245,212.6541944127382,209.88475522795872,207.47808922318907,205.40727013964644,203.62074985407878,202.07946602662196,200.74787257458675,199.5959847980006,198.59844485475946,197.7253590907302,196.96047600165514,196.29291274989873,195.7108637895516,195.20308551057332,194.75977660619594,194.37246678941523
453.33306884765625,299.97396313032374,299.2113850733123,295.6636649253084,289.37447884917947,281.37460116830374,272.6281611564217,263.8529211924984,255.41429210560983,247.595132273796,240.54606747015,234.24051156560688,228.6762459428406,223.78369995714576,219.54824920661466,215.85855262844245,212.6541944127382,209.88475522795872,207.47808922318907,205.40727013964644,203.62074985407878,202.07946602662196,200.74787257458675,199.5959847980006,198.59844485475946,197.7253590907302,196.96047600165514,196.29291274989873,195.7108637895516,195.20308551057332,194.75977660619594,194.37246678941523
459.9997253417969,299.97396313032374,299.2113850733123,295.6636649253084,289.37447884917947,281.37460116830374,272.6281611564217,263.8529211924984,255.41429210560983,247.595132273796,240.54606747015,234.24051156560688,228.6762459428406,223.78369995714576,219.54824920661466,215.85855262844245,212.6541944127382,209.88475522795872,207.47808922318907,205.40727013964644,203.62074985407878,202.07946602662196,200.74787257458675,199.5959847980006,198.59844485475946,197.7253590907302,196.96047600165514,196.29291274989873,195.7108637895516,195.20308551057332,194.75977660619594,194.37246678941523
466.6664123535156,299.97396313032374,299.2113850733123,295.6636649253084,289.37447884917947,281.37460116830374,272.6281611564217,263.8529211924984,255.41429210560983,247.595132273796,240.54606747015,234.24051156560688,228.6762459428406,223.78369995714576,219.54824920661466,215.85855262844245,212.6541944127382,209.88475522795872,207.47808922318907,205.40727013964644,203.62074985407878,202.07946602662196,200.74787257458675,199.5959847980006,198.59844485475946,197.7253590907302,196.96047600165514,196.29291274989873,195.7108637895516,195.20308551057332,194.75977660619594,194.37246678941523
473.33306884765625,299.97396313032374,299.8378968396683,299.0969064433361,297.1886888789045,294.06135664704914,289.92593512328216,285.07171231021607,279.7840048446436,274.3477785502091,268.9378917528169,263.7167761447213,258.73661682768517,254.10953151700193,249.823302799729,245.91297181276542,242.36435471588317,239.14169473040855,236.2453892248837,233.66741991553226,231.36763045177216,229.31395807122914,227.47856403894093,225.84660219385313,224.39774857365583,223.1210843592154,221.99637295552833,221.00343067839967,220.11917510952182,219.33047333209086,218.62853206878185,218.00514703553787
479.9997253417969,299.97396313032374,299.8378968396683,299.0969064433361,297.1886888789045,294.06135664704914,289.92593512328216,285.07171231021607,279.7840048446436,274.3477785502091,268.9378917528169,263.7167761447213,258.73661682768517,254.10953151700193,249.823302799729,245.91297181276542,242.36435471588317,239.14169473040855,236.2453892248837,233.66741991553226,231.36763045177216,229.31395807122914,227.47856403894093,225.84660219385313,224.39774857365583,223.1210843592154,221.99637295552833,221.00343067839967,220.11917510952182,219.33047333209086,218.62853206878185,218.00514703553787
486.6664123535156,299.97396313032374,299.8378968396683,299.0969064433361,297.1886888789045,294.06135664704914,289.92593512328216,285.07171231021607,279.7840048446436,274.3477785502091,268.9378917528169,263.7167761447213,258.73661682768517,254.10953151700193,249.823302799729,245.91297181276542,242.36435471588317,239.14169473040855,236.2453892248837,233.66741991553226,231.36763045177216,229.31395807122914,227.47856403894093,225.84660219385313,224.39774857365583,223.1210843592154,221.99637295552833,221.00343067839967,220.11917510952182,219.33047333209086,218.62853206878185,218.00514703553787
493.33306884765625,299.97396313032374,299.8378968396683,299.0969064433361,297.1886888789045,294.06135664704914,289.92593512328216,285.07171231021607,279.7840048446436,274.3477785502091,268.9378917528169,263.7167761447213,258.73661682768517,254.10953151700193,249.823302799729,245.91297181276542,242.36435471588317,239.14169473040855,236.2453892248837,233.66741991553226,231.36763045177216,229.31395807122914,227.47856403894093,225.84660219385313,224.39774857365583,223.1210843592154,221.99637295552833,221.00343067839967,220.11917510952182,219.33047333209086,218.62853206878185,218.00514703553787
499.999755859375,299.97396313032374,299.8378968396683,299.0969064433361,297.1886888789045,294.06135664704914,289.92593512328216,285.07171231021607,279.7840048446436,274.3477785502091,268.9378917528169,263.7167761447213,258.73661682768517,254.10953151700193,249.823302799729,245.91297181276542,242.36435471588317,239.14169473040855,236.2453892248837,233.66741991553226,231.36763045177216,229.31395807122914,227.47856403894093,225.84660219385313,224.39774857365583,223.1210843592154,221.99637295552833,221.00343067839967,220.11917510952182,219.33047333209086,218.62853206878185,218.00514703553787
506.6664123535156,299.97396313032374,299.9166310551655,299.7901232773833,299.3273681171861,298.33711619323174,296.7381686899104,294.562147280732,291.8596429047849,288.78358723705855,285.4262094722215,281.9028777654892,278.32001902416175,274.75727964583496,271.2684774665543,267.9164238018282,264.71859898435815,261.71185545761927,258.89541584211617,256.27500875549214,253.85512709970195,251.63729369733102,249.60766389200455,247.7503215328508,246.0582097671363,244.52268506486374,243.13391635025346,241.87753377792117,240.7399594939191,239.71603171171756,238.79376846500168,237.96276780832102
513.3330688476562,299.97396313032374,299.9166310551655,299.7901232773833,299.3273681171861,298.33711619323174,296.7381686899104,294.562147280732,291.8596429047849,288.78358723705855,285.4262094722215,281.9028777654892,278.32001902416175,274.75727964583496,271.2684774665543,267.9164238018282,264.71859898435815,261.71185545761927,258.89541584211617,256.27500875549214,253.85512709970195,251.63729369733102,249.60766389200455,247.7503215328508,246.0582097671363,244.52268506486374,243.13391635025346,241.87753377792117,240.7399594939191,239.71603171171756,238.79376846500168,237.96276780832102
519.999755859375,299.97396313032374,299.9166310551655,299.7901232773833,299.3273681171861,298.33711619323174,296.7381686899104,294.562147280732,291.8596429047849,288.78358723705855,285.4262094722215,281.9028777654892,278.32001902416175,274.75727964583496,271.2684774665543,267.9164238018282,264.71859898435815,261.71185545761927,258.89541584211617,256.27500875549214,253.85512709970195,251.63729369733102,249.60766389200455,247.7503215328508,246.0582097671363,244.52268506486374,243.13391635025346,241.87753377792117,240.7399594939191,239.71603171171756,238.79376846500168,237.96276780832102
526.6664428710938,299.97396313032374,299.9166310551655,299.7901232773833,299.3273681171861,298.33711619323174,296.7381686899104,294.562147280732,291.8596429047849,288.78358723705855,285.4262094722215,281.9028777654892,278.32001902416175,274.75727964583496,271.2684774665543,267.9164238018282,264.71859898435815,261.71185545761927,258.89541584211617,256.27500875549214,253.85512709970195,251.63729369733102,249.60766389200455,247.7503215328508,246.0582097671363,244.52268506486374,243.13391635025346,241.87753377792117,240.7399594939191,239.71603171171756,238.79376846500168,237.96276780832102
533.3331298828125,299.97396313032374,299.9166310551655,299.7901232773833,299.3273681171861,298.33711619323174,296.7381686899104,294.562147280732,291.8596429047849,288.78358723705855,285.4262094722215,281.9028777654892,278.32001902416175,274.75727964583496,271.2684774665543,267.9164238018282,264.71859898435815,261.71185545761927,258.89541584211617,256.27500875549214,253.85512709970195,251.63729369733102,249.60766389200455,247.7503215328508,246.0582097671363,244.52268506486374,243.13391635025346,241.87753377792117,240.7399594939191,239.71603171171756,238.79376846500168,237.96276780832102
539.999755859375,299.97396313032374,299.9248444112136,299.9073529161566,299.81364889491437,299.5551082765123,299.04274699248185,298.21617721750675,297.0449314553721,295.55850783327986,293.7852816977676,291.7575662269309,289.5486493319817,287.19893596729486,284.76544582636717,282.30850541212413,279.85108293877744,277.4231545677734,275.0736528733171,272.81330447689936,270.64008938151613,268.57143257718224,266.63110648562895,264.81464356129044,263.1180253424437,261.53487994049055,260.0589109019534,258.69222897283674,257.4388834076705,256.290209618021,255.23830651424637,254.27669480380197
546.6664428710938,299.97396313032374,299.9248444112136,299.9073529161566,299.81364889491437,299.5551082765123,299.04274699248185,298.21617721750675,297.0449314553721,295.55850783327986,293.7852816977676,291.7575662269309,289.5486493319817,287.19893596729486,284.76544582636717,282.30850541212413,279.85108293877744,277.4231545677734,275.0736528733171,272.81330447689936,270.64008938151613,268.57143257718224,266.63110648562895,264.81464356129044,263.1180253424437,261.53487994049055,260.0589109019534,258.69222897283674,257.4388834076705,256.290209618021,255.23830651424637,254.27669480380197
553.3331298828125,299.97396313032374,299.9248444112136,299.9073529161566,299.81364889491437,299.5551082765123,299.04274699248185,298.21617721750675,297.0449314553721,295.55850783327986,293.7852816977676,291.7575662269309,289.5486493319817,287.19893596729486,284.76544582636717,282.30850541212413,279.85108293877744,277.4231545677734,275.0736528733171,272.81330447689936,270.64008938151613,268.57143257718224,266.63110648562895,264.81464356129044,263.1180253424437,261.53487994049055,260.0589109019534,258.69222897283674,257.4388834076705,256.290209618021,255.23830651424637,254.27669480380197
559.999755859375,299.97396313032374,299.9248444112136,299.9073529161566,299.81364889491437,299.5551082765123,299.04274699248185,298.21617721750675,297.0449314553721,295.55850783327986,293.7852816977676,291.7575662269309,289.5486493319817,287.19893596729486,284.76544582636717,282.30850541212413,279.85108293877744,277.4231545677734,275.0736528733171,272.81330447689936,270.64008938151613,268.57143257718224,266.63110648562895,264.81464356129044,263.1180253424437,261.53487994049055,260.0589109019534,258.69222897283674,257.4388834076705,256.290209618021,255.23830651424637,254.27669480380197
566.6664428710938,299.97396313032374,299.9248444112136,299.9073529161566,299.81364889491437,299.5551082765123,299.04274699248185,298.21617721750675,297.0449314553721,295.55850783327986,293.7852816977676,291.7575662269309,289.5486493319817,287.19893596729486,284.76544582636717,282.30850541212413,279.85108293877744,277.4231545677734,275.0736528733171,272.81330447689936,270.64008938151613,268.57143257718224,266.63110648562895,264.81464356129044,263.1180253424437,261.53487994049055,260.0589109019534,258.69222897283674,257.4388834076705,256.290209618021,255.23830651424637,254.27669480380197
573.3331298828125,299.97396313032374,299.92677775160337,299.9256391711248,299.9097906990974,299.8518749797805,299.71176706813253,299.44540786168125,299.0129275040065,298.38828710613063,297.5607930279327,296.5309343068832,295.3293049814972,293.9737632464439,292.48395184752883,290.8726504921945,289.1976661271625,287.4734972248204,285.72517663986116,283.9751798237973,282.2422909273194,280.55274994122533,278.90355044644576,277.30837690477733,275.7762419154285,274.323849441023,272.9508032094069,271.6484754665111,270.4176218981913,269.2604195678469,268.1767513271013,267.16555603628524
579.9998168945312,299.97396313032374,299.92677775160337,299.9256391711248,299.9097906990974,299.8518749797805,299.71176706813253,299.44540786168125,299.0129275040065,298.38828710613063,297.5607930279327,296.5309343068832,295.3293049814972,293.9737632464439,292.48395184752883,290.8726504921945,289.1976661271625,287.4734972248204,285.72517663986116,283.9751798237973,282.2422909273194,280.55274994122533,278.90355044644576,277.30837690477733,275.7762419154285,274.323849441023,272.9508032094069,271.6484754665111,270.4176218981913,269.2604195678469,268.1767513271013,267.16555603628524
586.6664428710938,299.97396313032374,299.92677775160337,299.9256391711248,299.9097906990974,299.8518749797805,299.71176706813253,299.44540786168125,299.0129275040065,298.38828710613063,297.5607930279327,296.5309343068832,295.3293049814972,293.9737632464439,292.48395184752883,290.8726504921945,289.1976661271625,287.4734972248204,285.72517663986116,283.9751798237973,282.2422909273194,280.55274994122533,278.90355044644576,277.30837690477733,275.7762419154285,274.323849441023,272.9508032094069,271.6484754665111,270.4176218981913,269.2604195678469,268.1767513271013,267.16555603628524
593.3331298828125,299.97396313032374,299.92677775160337,299.9256391711248,299.9097906990974,299.8518749797805,299.71176706813253,299.44540786168125,299.0129275040065,298.38828710613063,297.5607930279327,296.5309343068832,295.3293049814972,293.9737632464439,292.48395184752883,290.8726504921945,289.1976661271625,287.4734972248204,285.72517663986116,283.9751798237973,282.2422909273194,280.55274994122533,278.90355044644576,277.30837690477733,275.7762419154285,274.323849441023,272.9508032094069,271.6484754665111,270.4176218981913,269.2604195678469,268.1767513271013,267.16555603628524
599.9998168945312,299.97396313032374,299.92677775160337,299.9256391711248,299.9097906990974,299.8518749797805,299.71176706813253,299.44540786168125,299.0129275040065,298.38828710613063,297.5607930279327,296.5309343068832,295.3293049814972,293.9737632464439,292.48395184752883,290.8726504921945,289.1976661271625,287.4734972248204,285.72517663986116,283.9751798237973,282.2422909273194,280.55274994122533,278.90355044644576,277.30837690477733,275.7762419154285,274.323849441023,272.9508032094069,271.6484754665111,270.4176218981913,269.2604195678469,268.1767513271013,267.16555603628524
606.6664428710938,299.97396313032374,299.9284835888191,299.9294543889139,299.927856521626,299.91691333421994,299.8834077599641,299.8080745272607,299.66790950290283,299.43968024835794,299.10372232327717,298.64528285807614,298.05854933452025,297.3446833686929,296.50807486802046,295.56471794444576,294.5356225929912,293.43131875528263,292.2619370853272,291.03836965827173,289.7732869371252,288.49941719880337,287.22684599420035,285.9636427956765,284.7177860254931,283.4984297947185,282.3088664941567,281.16252661610366,280.0599370951162,279.0042685384368,277.9972871067977,277.04016605813763
613.3331298828125,299.97396313032374,299.9284835888191,299.9294543889139,299.927856521626,299.91691333421994,299.8834077599641,299.8080745272607,299.66790950290283,299.43968024835794,299.10372232327717,298.64528285807614,298.05854933452025,297.3446833686929,296.50807486802046,295.56471794444576,294.5356225929912,293.43131875528263,292.2619370853272,291.03836965827173,289.7732869371252,288.49941719880337,287.22684599420035,285.9636427956765,284.7177860254931,283.4984297947185,282.3088664941567,281.16252661610366,280.0599370951162,279.0042685384368,277.9972871067977,277.04016605813763
619.9998168945312,299.97396313032374,299.9284835888191,299.9294543889139,299.927856521626,299.91691333421994,299.8834077599641,299.8080745272607,299.66790950290283,299.43968024835794,299.10372232327717,298.64528285807614,298.05854933452025,297.3446833686929,296.50807486802046,295.56471794444576,294.5356225929912,293.43131875528263,292.2619370853272,291.03836965827173,289.7732869371252,288.49941719880337,287.22684599420035,285.9636427956765,284.7177860254931,283.4984297947185,282.3088664941567,281.16252661610366,280.0599370951162,279.0042685384368,277.9972871067977,277.04016605813763
626.66650390625,299.97396313032374,299.9284835888191,299.9294543889139,299.927856521626,299.91691333421994,299.8834077599641,299.8080745272607,299.66790950290283,299.43968024835794,299.10372232327717,298.64528285807614,298.05854933452025,297.3446833686929,296.50807486802046,295.56471794444576,294.5356225929912,293.43131875528263,292.2619370853272,291.03836965827173,289.7732869371252,288.49941719880337,287.22684599420035,285.9636427956765,284.7177860254931,283.4984297947185,282.3088664941567,281.16252661610366,280.0599370951162,279.0042685384368,277.9972871067977,277.04016605813763
633.3331298828125,299.97396313032374,299.9284835888191,299.9294543889139,299.927856521626,299.91691333421994,299.8834077599641,299.8080745272607,299.66790950290283,299.43968024835794,299.10372232327717,298.64528285807614,298.05854933452025,297.3446833686929,296.50807486802046,295.56471794444576,294.5356225929912,293.43131875528263,292.2619370853272,291.03836965827173,289.7732869371252,288.49941719880337,287.22684599420035,285.9636427956765,284.7177860254931,283.4984297947185,282.3088664941567,281.16252661610366,280.0599370951162,279.0042685384368,277.9972871067977,277.04016605813763
639.9998168945312,299.97396313032374,299.93095998322616,299.9317654544977,299.9322854684419,299.9309881632264,299.9242121358921,299.90533480424887,299.8646259748659,299.789871980787,299.6677141318637,299.4850315527394,299.2305256292772,298.89609209239546,298.4766830577657,297.9710635236899,297.38339407883876,296.71909973860704,295.98453805507654,295.19569987410574,294.36075155346236,293.4877995531311,292.5863802716492,291.6537481938895,290.71033792024275,289.7553337059628,288.80109920205444,287.8639204117902,286.9470209600763,286.05343876769757,285.1857566235559,284.3463402776876
646.66650390625,299.97396313032374,299.93095998322616,299.9317654544977,299.9322854684419,299.9309881632264,299.9242121358921,299.90533480424887,299.8646259748659,299.789871980787,299.6677141318637,299.4850315527394,299.2305256292772,298.89609209239546,298.4766830577657,297.9710635236899,297.38339407883876,296.71909973860704,295.98453805507654,295.19569987410574,294.36075155346236,293.4877995531311,292.5863802716492,291.6537481938895,290.71033792024275,289.7553337059628,288.80109920205444,287.8639204117902,286.9470209600763,286.05343876769757,285.1857566235559,284.3463402776876
653.3331298828125,299.97396313032374,299.93095998322616,299.9317654544977,299.9322854684419,299.9309881632264,299.9242121358921,299.90533480424887,299.8646259748659,299.789871980787,299.6677141318637,299.4850315527394,299.2305256292772,298.89609209239546,298.4766830577657,297.9710635236899,297.38339407883876,296.71909973860704,295.98453805507654,295.19569987410574,294.36075155346236,293.4877995531311,292.5863802716492,291.6537481938895,290.71033792024275,289.7553337059628,288.80109920205444,287.8639204117902,286.9470209600763,286.05343876769757,285.1857566235559,284.3463402776876
659.9998168945312,299.97396313032374,299.93095998322616,299.9317654544977,299.9322854684419,299.9309881632264,299.9242121358921,299.90533480424887,299.8646259748659,299.789871980787,299.6677141318637,299.4850315527394,299.2305256292772,298.89609209239546,298.4766830577657,297.9710635236899,297.38339407883876,296.71909973860704,295.98453805507654,295.19569987410574,294.36075155346236,293.4877995531311,292.5863802716492,291.6537481938895,290.71033792024275,289.7553337059628,288.80109920205444,287.8639204117902,286.9470209600763,286.05343876769757,285.1857566235559,284.3463402776876
666.66650390625,299.97396313032374,299.93095998322616,299.9317654544977,299.9322854684419,299.9309881632264,299.9242121358921,299.90533480424887,299.8646259748659,299.789871980787,299.6677141318637,299.4850315527394,299.2305256292772,298.89609209239546,298.4766830577657,297.9710635236899,297.38339407883876,296.71909973860704,295.98453805507654,295.19569987410574,294.36075155346236,293.4877995531311,292.5863802716492,291.6537481938895,290.71033792024275,289.7553337059628,288.80109920205444,287.8639204117902,286.9470209600763,286.05343876769757,285.1857566235559,284.3463402776876
673.3331909179688,299.97396313032374,299.9313115872081,299.9328466263852,299.934005842589,299.93466078916106,299.93400399810105,299.93012159756034,299.9196044612574,299.8973688272647,299.8568005059721,299.79018352076275,299.6893336216488,299.546398711829,299.3544748717426,299.1080750829674,298.8039016546377,298.44075431597844,298.0190647498401,297.5418191231252,297.01390396427183,296.4401774400707,295.82616615974587,295.1799963210417,294.51386808629013,293.82946929627406,293.13036353825953,292.4229073948219,291.706277933788,290.9890752076333,290.27446965663916,289.567525143881
679.9998168945312,299.97396313032374,299.9313115872081,299.9328466263852,299.934005842589,299.93466078916106,299.93400399810105,299.93012159756034,299.9196044612574,299.8973688272647,299.8568005059721,299.79018352076275,299.6893336216488,299.546398711829,299.3544748717426,299.1080750829674,298.8039016546377,298.44075431597844,298.0190647498401,297.5418191231252,297.01390396427183,296.4401774400707,295.82616615974587,295.1799963210417,294.51386808629013,293.82946929627406,293.13036353825953,292.4229073948219,291.706277933788,290.9890752076333,290.27446965663916,289.567525143881
686.66650390625,299.97396313032374,299.9313115872081,299.9328466263852,299.934005842589,299.93466078916106,299.93400399810105,299.93012159756034,299.9196044612574,299.8973688272647,299.8568005059721,299.79018352076275,299.6893336216488,299.546398711829,299.3544748717426,299.1080750829674,298.8039016546377,298.44075431597844,298.0190647498401,297.5418191231252,297.01390396427183,296.4401774400707,295.82616615974587,295.1799963210417,294.51386808629013,293.82946929627406,293.13036353825953,292.4229073948219,291.706277933788,290.9890752076333,290.27446965663916,289.567525143881
693.3331909179688,299.97396313032374,299.9313115872081,299.9328466263852,299.934005842589,299.93466078916106,299.93400399810105,299.93012159756034,299.9196044612574,299.8973688272647,299.8568005059721,299.79018352076275,299.6893336216488,299.546398711829,299.3544748717426,299.1080750829674,298.8039016546377,298.44075431597844,298.0190647498401,297.5418191231252,297.01390396427183,296.4401774400707,295.82616615974587,295.1799963210417,294.51386808629013,293.82946929627406,293.13036353825953,292.4229073948219,291.706277933788,290.9890752076333,290.27446965663916,289.567525143881
699.9998779296875,299.97396313032374,299.9313115872081,299.9328466263852,299.934005842589,299.93466078916106,299.93400399810105,299.93012159756034,299.9196044612574,299.8973688272647,299.8568005059721,299.79018352076275,299.6893336216488,299.546398711829,299.3544748717426,299.1080750829674,298.8039016546377,298.44075431597844,298.0190647498401,297.5418191231252,297.01390396427183,296.4401774400707,295.82616615974587,295.1799963210417,294.51386808629013,293.82946929627406,293.13036353825953,292.4229073948219,291.706277933788,290.9890752076333,290.27446965663916,289.567525143881
706.66650390625,299.97396313032374,299.9364026414831,299.93622414963806,299.9365283173046,299.93700485847546,299.93733453634314,299.93693748761876,299.9347114298055,299.9287947727828,299.9164175038261,299.89388323125564,299.85669514259223,299.79982150892494,299.71804389253765,299.60630877811485,299.4601275951748,299.2759190000293,299.05113258977616,298.78440763641134,298.4758186976569,298.1264792908262,297.73834346098175,297.31429091884615,296.85924709143745,296.3775573955173,295.8728188199486,295.3488588454769,294.81321161107275,294.27246243791774,293.72750567402085,293.18040868523525
713.3331909179688,299.97396313032374,299.9364026414831,299.93622414963806,299.9365283173046,299.93700485847546,299.93733453634314,299.93693748761876,299.9347114298055,299.9287947727828,299.9164175038261,299.89388323125564,299.85669514259223,299.79982150892494,299.71804389253765,299.60630877811485,299.4601275951748,299.2759190000293,299.05113258977616,298.78440763641134,298.4758186976569,298.1264792908262,297.73834346098175,297.31429091884615,296.85924709143745,296.3775573955173,295.8728188199486,295.3488588454769,294.81321161107275,294.27246243791774,293.72750567402085,293.18040868523525
719.9998779296875,299.97396313032374,299.9364026414831,299.93622414963806,299.9365283173046,299.93700485847546,299.93733453634314,299.93693748761876,299.9347114298055,299.9287947727828,299.9164175038261,299.89388323125564,299.85669514259223,299.79982150892494,299.71804389253765,299.60630877811485,299.4601275951748,299.2759190000293,299.05113258977616,298.78440763641134,298.4758186976569,298.1264792908262,297.73834346098175,297.31429091884615,296.85924709143745,296.3775573955173,295.8728188199486,295.3488588454769,294.81321161107275,294.27246243791774,293.72750567402085,293.18040868523525
726.66650390625,299.97396313032374,299.9364026414831,299.93622414963806,299.9365283173046,299.93700485847546,299.93733453634314,299.93693748761876,299.9347114298055,299.9287947727828,299.9164175038261,299.89388323125564,299.85669514259223,299.79982150892494,299.71804389253765,299.60630877811485,299.4601275951748,299.2759190000293,299.05113258977616,298.78440763641134,298.4758186976569,298.1264792908262,297.73834346098175,297.31429091884615,296.85924709143745,296.3775573955173,295.8728188199486,295.3488588454769,294.81321161107275,294.27246243791774,293.72750567402085,293.18040868523525
733.3331909179688,299.97396313032374,299.9364026414831,299.93622414963806,299.9365283173046,299.93700485847546,299.93733453634314,299.93693748761876,299.9347114298055,299.9287947727828,299.9164175038261,299.89388323125564,299.85669514259223,299.79982150892494,299.71804389253765,299.60630877811485,299.4601275951748,299.2759190000293,299.05113258977616,298.78440763641134,298.4758186976569,298.1264792908262,297.73834346098175,297.31429091884615,296.85924709143745,296.3775573955173,295.8728188199486,295.3488588454769,294.81321161107275,294.27246243791774,293.72750567402085,293.18040868523525
739.9998779296875,299.97396313032374,299.9369148556653,299.93747348123173,299.9379548438432,299.93844810715996,299.9389315641249,299.93927001230713,299.9391420515854,299.9379258086655,299.9345772689848,299.9275320759914,299.9146602411113,299.89329033981056,299.8603072880989,299.812305797854,299.7457853363913,299.657377715056,299.54404598672147,299.4032451547739,299.23310669406527,299.0325063713797,298.8010412964229,298.5390119477446,298.24763287421854,297.9288595250466,297.58490277012027,297.2181511138427,296.8316420174871,296.42954154028644,296.0150867628472,295.5909486461713
746.6665649414062,299.97396313032374,299.9369148556653,299.93747348123173,299.9379548438432,299.93844810715996,299.9389315641249,299.93927001230713,299.9391420515854,299.9379258086655,299.9345772689848,299.9275320759914,299.9146602411113,299.89329033981056,299.8603072880989,299.812305797854,299.7457853363913,299.657377715056,299.54404598672147,299.4032451547739,299.23310669406527,299.0325063713797,298.8010412964229,298.5390119477446,298.24763287421854,297.9288595250466,297.58490277012027,297.2181511138427,296.8316420174871,296.42954154028644,296.0150867628472,295.5909486461713
753.3331909179688,299.97396313032374,299.9369148556653,299.93747348123173,299.9379548438432,299.93844810715996,299.9389315641249,299.93927001230713,299.9391420515854,299.9379258086655,299.9345772689848,299.9275320759914,299.9146602411113,299.89329033981056,299.8603072880989,299.812305797854,299.7457853363913,299.657377715056,299.54404598672147,299.4032451547739,299.23310669406527,299.0325063713797,298.8010412964229,298.5390119477446,298.24763287421854,297.9288595250466,297.58490277012027,297.2181511138427,296.8316420174871,296.42954154028644,296.0150867628472,295.5909486461713
759.9998779296875,299.97396313032374,299.9369148556653,299.93747348123173,299.9379548438432,299.93844810715996,299.9389315641249,299.93927001230713,299.9391420515854,299.9379258086655,299.9345772689848,299.9275320759914,299.9146602411113,299.89329033981056,299.8603072880989,299.812305797854,299.7457853363913,299.657377715056,299.54404598672147,299.4032451547739,299.23310669406527,299.0325063713797,298.8010412964229,298.5390119477446,298.24763287421854,297.9288595250466,297.58490277012027,297.2181511138427,296.8316420174871,296.42954154028644,296.0150867628472,295.5909486461713
766.6665649414062,299.97396313032374,299.9369148556653,299.93747348123173,299.9379548438432,299.93844810715996,299.9389315641249,299.93927001230713,299.9391420515854,299.9379258086655,299.9345772689848,299.9275320759914,299.9146602411113,299.89329033981056,299.8603072880989,299.812305797854,299.7457853363913,299.657377715056,299.54404598672147,299.4032451547739,299.23310669406527,299.0325063713797,298.8010412964229,298.5390119477446,298.24763287421854,297.9288595250466,297.58490277012027,297.2181511138427,296.8316420174871,296.42954154028644,296.0150867628472,295.5909486461713
773.3331909179688,299.97396313032374,299.935501527829,299.9367666245982,299.9377623004281,299.93858535142454,299.93929758398536,299.93991119189224,299.9403652825018,299.94048125089006,299.939901603946,299.93801984853997,299.9339175238386,299.9263226278496,299.91360119419403,299.89378794076083,299.8646525135713,299.82380149380276,299.7687998057302,299.6972945669646,299.60714595063814,299.4965410965569,299.36407112469306,299.20878004851886,299.0302245031057,298.8285327172228,298.60431182214734,298.3585374399903,298.0925435146744,297.8082295334302,297.50777758335295,297.19337237631083
779.9998779296875,299.97396313032374,299.935501527829,299.9367666245982,299.9377623004281,299.93858535142454,299.93929758398536,299.93991119189224,299.9403652825018,299.94048125089006,299.939901603946,299.93801984853997,299.9339175238386,299.9263226278496,299.91360119419403,299.89378794076083,299.8646525135713,299.82380149380276,299.7687998057302,299.6972945669646,299.60714595063814,299.4965410965569,299.36407112469306,299.20878004851886,299.0302245031057,298.8285327172228,298.60431182214734,298.3585374399903,298.0925435146744,297.8082295334302,297.50777758335295,297.19337237631083
786.6665649414062,299.97396313032374,299.935501527829,299.9367666245982,299.9377623004281,299.93858535142454,299.93929758398536,299.93991119189224,299.9403652825018,299.94048125089006,299.939901603946,299.93801984853997,299.9339175238386,299.9263226278496,299.91360119419403,299.89378794076083,299.8646525135713,299.82380149380276,299.7687998057302,299.6972945669646,299.60714595063814,299.4965410965569,299.36407112469306,299.20878004851886,299.0302245031057,298.8285327172228,298.60431182214734,298.3585374399903,298.0925435146744,297.8082295334302,297.50777758335295,297.19337237631083
793.333251953125,299.97396313032374,299.935501527829,299.9367666245982,299.9377623004281,299.93858535142454,299.93929758398536,299.93991119189224,299.9403652825018,299.94048125089006,299.939901603946,299.93801984853997,299.9339175238386,299.9263226278496,299.91360119419403,299.89378794076083,299.8646525135713,299.82380149380276,299.7687998057302,299.6972945669646,299.60714595063814,299.4965410965569,299.36407112469306,299.20878004851886,299.0302245031057,298.8285327172228,298.60431182214734,298.3585374399903,298.0925435146744,297.8082295334302,297.50777758335295,297.19337237631083
799.9998779296875,299.97396313032374,299.935501527829,299.9367666245982,299.9377623004281,299.93858535142454,299.93929758398536,299.93991119189224,299.9403652825018,299.94048125089006,299.939901603946,299.93801984853997,299.9339175238386,299.9263226278496,299.91360119419403,299.89378794076083,299.8646525135713,299.82380149380276,299.7687998057302,299.6972945669646,299.60714595063814,299.4965410965569,299.36407112469306,299.20878004851886,299.0302245031057,298.8285327172228,298.60431182214734,298.3585374399903,298.0925435146744,297.8082295334302,297.50777758335295,297.19337237631083
806.6665649414062,299.97396313032374,299.93426985539253,299.935592324447,299.9367618028776,299.937786193417,299.9386860912903,299.939479961906,299.9401681851137,299.9407107165896,299.9409975602894,299.94080956484567,299.9397746597925,299.93732574836855,299.93266755632396,299.92476073225964,299.91232598009924,299.8938726555705,299.8677486321427,299.83220662219213,299.785483562091,299.7258838953945,299.6518587689595,299.56207551596583,299.45547301706296,299.33132347812995,299.18925658861184,299.0292448296127,298.85157962882363,298.65690704390687,298.4462159586278,298.2207431857687
813.333251953125,299.97396313032374,299.93426985539253,299.935592324447,299.9367618028776,299.937786193417,299.9386860912903,299.939479961906,299.9401681851137,299.9407107165896,299.9409975602894,299.94080956484567,299.9397746597925,299.93732574836855,299.93266755632396,299.92476073225964,299.91232598009924,299.8938726555705,299.8677486321427,299.83220662219213,299.785483562091,299.7258838953945,299.6518587689595,299.56207551596583,299.45547301706296,299.33132347812995,299.18925658861184,299.0292448296127,298.85157962882363,298.65690704390687,298.4462159586278,298.2207431857687
819.9999389648438,299.97396313032374,299.93426985539253,299.935592324447,299.9367618028776,299.937786193417,299.9386860912903,299.939479961906,299.9401681851137,299.9407107165896,299.9409975602894,299.94080956484567,299.9397746597925,299.93732574836855,299.93266755632396,299.92476073225964,299.91232598009924,299.8938726555705,299.8677486321427,299.83220662219213,299.785483562091,299.7258838953945,299.6518587689595,299.56207551596583,299.45547301706296,299.33132347812995,299.18925658861184,299.0292448296127,298.85157962882363,298.65690704390687,298.4462159586278,298.2207431857687
826.6665649414062,299.97396313032374,299.93426985539253,299.935592324447,299.9367618028776,299.937786193417,299.9386860912903,299.939479961906,299.9401681851137,299.9407107165896,299.9409975602894,299.94080956484567,299.9397746597925,299.93732574836855,299.93266755632396,299.92476073225964,299.91232598009924,299.8938726555705,299.8677486321427,299.83220662219213,299.785483562091,299.7258838953945,299.6518587689595,299.56207551596583,299.45547301706296,299.33132347812995,299.18925658861184,299.0292448296127,298.85157962882363,298.65690704390687,298.4462159586278,298.2207431857687
833.333251953125,299.97396313032374,299.9337014462753,299.9344963654942,299.9354429885683,299.9364064797626,299.9373296616055,299.938190222937,299.9389789033592,299.9396822170105,299.9402655934254,299.94065147515266,299.9406931185395,299.9401452641966,299.93863448145197,299.9356346205732,299.9304501733531,299.92221282913863,299.90989171272656,299.8923183464092,299.86822531674505,299.83629416907155,299.79520963049566,299.7437166871433,299.6806713525344,299.60509358969773,299.5162101672268,299.41348098939477,299.29660801592775,299.16554971351405,299.0205298416753,298.8620245043035
839.9999389648438,299.97396313032374,299.9337014462753,299.9344963654942,299.9354429885683,299.9364064797626,299.9373296616055,299.938190222937,299.9389789033592,299.9396822170105,299.9402655934254,299.94065147515266,299.9406931185395,299.9401452641966,299.93863448145197,299.9356346205732,299.9304501733531,299.92221282913863,299.90989171272656,299.8923183464092,299.86822531674505,299.83629416907155,299.79520963049566,299.7437166871433,299.6806713525344,299.60509358969773,299.5162101672268,299.41348098939477,299.29660801592775,299.16554971351405,299.0205298416753,298.8620245043035
846.6665649414062,299.97396313032374,299.9337014462753,299.9344963654942,299.9354429885683,299.9364064797626,299.9373296616055,299.938190222937,299.9389789033592,299.9396822170105,299.9402655934254,299.94065147515266,299.9406931185395,299.9401452641966,299.93863448145197,299.9356346205732,299.9304501733531,299.92221282913863,299.90989171272656,299.8923183464092,299.86822531674505,299.83629416907155,299.79520963049566,299.7437166871433,299.6806713525344,299.60509358969773,299.5162101672268,299.41348098939477,299.29660801592775,299.16554971351405,299.0205298416753,298.8620245043035
853.333251953125,299.97396313032374,299.9337014462753,299.9344963654942,299.9354429885683,299.9364064797626,299.9373296616055,299.938190222937,299.9389789033592,299.9396822170105,299.9402655934254,299.94065147515266,299.9406931185395,299.9401452641966,299.93863448145197,299.9356346205732,299.9304501733531,299.92221282913863,299.90989171272656,299.8923183464092,299.86822531674505,299.83629416907155,299.79520963049566,299.7437166871433,299.6806713525344,299.60509358969773,299.5162101672268,299.41348098939477,299.29660801592775,299.16554971351405,299.0205298416753,298.8620245043035
859.9999389648438,299.97396313032374,299.9337014462753,299.9344963654942,299.9354429885683,299.9364064797626,299.9373296616055,299.938190222937,299.9389789033592,299.9396822170105,299.9402655934254,299.94065147515266,299.9406931185395,299.9401452641966,299.93863448145197,299.9356346205732,299.9304501733531,299.92221282913863,299.90989171272656,299.8923183464092,299.86822531674505,299.83629416907155,299.79520963049566,299.7437166871433,299.6806713525344,299.60509358969773,299.5162101672268,299.41348098939477,299.29660801592775,299.16554971351405,299.0205298416753,298.8620245043035
866.6666259765625,299.97396313032374,299.9312734452533,299.9323530898143,299.93327498491016,299.93416215791547,299.9350331428707,299.9358792093403,299.9366881712857,299.9374475534919,299.9381405049643,299.9387354472858,299.93917173855374,299.93934166108295,299.93906952990864,299.93809107242,299.9360343852328,299.93240685105144,299.92658896789413,299.91783781490955,299.90530085461484,299.88803859432335,299.86505520534934,299.83533612680526,299.797886015143,299.7517699580125,299.6961519913178,299.630328557982,299.55375228298647,299.46605226899226,299.3670468478194,299.25675183032155
873.333251953125,299.97396313032374,299.9312734452533,299.9323530898143,299.93327498491016,299.93416215791547,299.9350331428707,299.9358792093403,299.9366881712857,299.9374475534919,299.9381405049643,299.9387354472858,299.93917173855374,299.93934166108295,299.93906952990864,299.93809107242,299.9360343852328,299.93240685105144,299.92658896789413,299.91783781490955,299.90530085461484,299.88803859432335,299.86505520534934,299.83533612680526,299.797886015143,299.7517699580125,299.6961519913178,299.630328557982,299.55375228298647,299.46605226899226,299.3670468478194,299.25675183032155
879.9999389648438,299.97396313032374,299.9312734452533,299.9323530898143,299.93327498491016,299.93416215791547,299.9350331428707,299.9358792093403,299.9366881712857,299.9374475534919,299.9381405049643,299.9387354472858,299.93917173855374,299.93934166108295,299.93906952990864,299.93809107242,299.9360343852328,299.93240685105144,299.92658896789413,299.91783781490955,299.90530085461484,299.88803859432335,299.86505520534934,299.83533612680526,299.797886015143,299.7517699580125,299.6961519913178,299.630328557982,299.55375228298647,299.46605226899226,299.3670468478194,299.25675183032155
886.6666259765625,299.97396313032374,299.9312734452533,299.9323530898143,299.93327498491016,299.93416215791547,299.9350331428707,299.9358792093403,299.9366881712857,299.9374475534919,299.9381405049643,299.9387354472858,299.93917173855374,299.93934166108295,299.93906952990864,299.93809107242,299.9360343852328,299.93240685105144,299.92658896789413,299.91783781490955,299.90530085461484,299.88803859432335,299.86505520534934,299.83533612680526,299.797886015143,299.7517699580125,299.6961519913178,299.630328557982,299.55375228298647,299.46605226899226,299.3670468478194,299.25675183032155
893.333251953125,299.97396313032374,299.9312734452533,299.9323530898143,299.93327498491016,299.93416215791547,299.9350331428707,299.9358792093403,299.9366881712857,299.9374475534919,299.9381405049643,299.9387354472858,299.93917173855374,299.93934166108295,299.93906952990864,299.93809107242,299.9360343852328,299.93240685105144,299.92658896789413,299.91783781490955,299.90530085461484,299.88803859432335,299.86505520534934,299.83533612680526,299.797886015143,299.7517699580125,299.6961519913178,299.630328557982,299.55375228298647,299.46605226899226,299.3670468478194,299.25675183032155
899.9999389648438,299.97396313032374,299.930000237477,299.9296388652287,299.92989826721725,299.93044713101693,299.9311368476831,299.9318903941041,299.9326630790085,299.9334260789263,299.93415835303,299.9348383029153,299.9354349938198,299.9358966587602,299.93613705432097,299.93602066421937,299.93534710612124,299.93383790322923,299.9311260212471,299.9267508551416,299.92015994507665,299.91071704812737,299.897716996292,299.88040746557465,299.8580134632909,299.8297662763595,299.7949325554431,299.7528428695652,299.7029163129617,299.64468278675145,299.57779802643796,299.5020568210893
906.6666259765625,299.97396313032374,299.930000237477,299.9296388652287,299.92989826721725,299.93044713101693,299.9311368476831,299.9318903941041,299.9326630790085,299.9334260789263,299.93415835303,299.9348383029153,299.9354349938198,299.9358966587602,299.93613705432097,299.93602066421937,299.93534710612124,299.93383790322923,299.9311260212471,299.9267508551416,299.92015994507665,299.91071704812737,299.897716996292,299.88040746557465,299.8580134632909,299.8297662763595,299.7949325554431,299.7528428695652,299.7029163129617,299.64468278675145,299.57779802643796,299.5020568210893
913.3333129882812,299.97396313032374,299.930000237477,299.9296388652287,299.92989826721725,299.93044713101693,299.9311368476831,299.9318903941041,299.9326630790085,299.9334260789263,299.93415835303,299.9348383029153,299.9354349938198,299.9358966587602,299.93613705432097,299.93602066421937,299.93534710612124,299.93383790322923,299.9311260212471,299.9267508551416,299.92015994507665,299.91071704812737,299.897716996292,299.88040746557465,299.8580134632909,299.8297662763595,299.7949325554431,299.7528428695652,299.7029163129617,299.64468278675145,299.57779802643796,299.5020568210893
919.9999389648438,299.97396313032374,299.930000237477,299.9296388652287,299.92989826721725,299.93044713101693,299.9311368476831,299.9318903941041,299.9326630790085,299.9334260789263,299.93415835303,299.9348383029153,299.9354349938198,299.9358966587602,299.93613705432097,299.93602066421937,299.93534710612124,299.93383790322923,299.9311260212471,299.9267508551416,299.92015994507665,299.91071704812737,299.897716996292,299.88040746557465,299.8580134632909,299.8297662763595,299.7949325554431,299.7528428695652,299.7029163129617,299.64468278675145,299.57779802643796,299.5020568210893
926.6666259765625,299.97396313032374,299.930000237477,299.9296388652287,299.92989826721725,299.93044713101693,299.9311368476831,299.9318903941041,299.9326630790085,299.9334260789263,299.93415835303,299.9348383029153,299.9354349938198,299.9358966587602,299.93613705432097,299.93602066421937,299.93534710612124,299.93383790322923,299.9311260212471,299.9267508551416,299.92015994507665,299.91071704812737,299.897716996292,299.88040746557465,299.8580134632909,299.8297662763595,299.7949325554431,299.7528428695652,299.7029163129617,299.64468278675145,299.57779802643796,299.5020568210893
933.3333129882812,299.97396313032374,299.9266201686248,299.9239861164944,299.92327566721747,299.92337066861876,299.92383370124196,299.9244739493641,299.9251974296455,299.92595179454855,299.92670513487354,299.9274339012181,299.92811602903095,299.92872213923636,299.9292071305394,299.92950017897766,299.92949369111443,299.92903318327654,299.9279078603858,299.92584388499995,299.92250186960956,299.9174777193671,299.91030866485625,299.90048445324487,299.8874610256634,299.8706787546926,299.84958156866514,299.8236372281799,299.7923565080738,299.75531193311093,299.7121513424051,299.6626106183853
940.0,299.97396313032374,299.9266201686248,299.9239861164944,299.92327566721747,299.92337066861876,299.92383370124196,299.9244739493641,299.9251974296455,299.92595179454855,299.92670513487354,299.9274339012181,299.92811602903095,299.92872213923636,299.9292071305394,299.92950017897766,299.92949369111443,299.92903318327654,299.9279078603858,299.92584388499995,299.92250186960956,299.9174777193671,299.91030866485625,299.90048445324487,299.8874610256634,299.8706787546926,299.84958156866514,299.8236372281799,299.7923565080738,299.75531193311093,299.7121513424051,299.6626106183853
946.6666259765625,299.97396313032374,299.9266201686248,299.9239861164944,299.92327566721747,299.92337066861876,299.92383370124196,299.9244739493641,299.9251974296455,299.92595179454855,299.92670513487354,299.9274339012181,299.92811602903095,299.92872213923636,299.9292071305394,299.92950017897766,299.92949369111443,299.92903318327654,299.9279078603858,299.92584388499995,299.92250186960956,299.9174777193671,299.91030866485625,299.90048445324487,299.8874610256634,299.8706787546926,299.84958156866514,299.8236372281799,299.7923565080738,299.75531193311093,299.7121513424051,299.6626106183853
953.3333129882812,299.97396313032374,299.9266201686248,299.9239861164944,299.92327566721747,299.92337066861876,299.92383370124196,299.9244739493641,299.9251974296455,299.92595179454855,299.92670513487354,299.9274339012181,299.92811602903095,299.92872213923636,299.9292071305394,299.92950017897766,299.92949369111443,299.92903318327654,299.9279078603858,299.92584388499995,299.92250186960956,299.9174777193671,299.91030866485625,299.90048445324487,299.8874610256634,299.8706787546926,299.84958156866514,299.8236372281799,299.7923565080738,299.75531193311093,299.7121513424051,299.6626106183853
960.0,299.97396313032374,299.9266201686248,299.9239861164944,299.92327566721747,299.92337066861876,299.92383370124196,299.9244739493641,299.9251974296455,299.92595179454855,299.92670513487354,299.9274339012181,299.92811602903095,299.92872213923636,299.9292071305394,299.92950017897766,299.92949369111443,299.92903318327654,299.9279078603858,299.92584388499995,299.92250186960956,299.9174777193671,299.91030866485625,299.90048445324487,299.8874610256634,299.8706787546926,299.84958156866514,299.8236372281799,299.7923565080738,299.75531193311093,299.7121513424051,299.6626106183853
966.6666259765625,299.97396313032374,299.9126278616281,299.9092196842099,299.90802050236476,299.9078335517302,299.9081403079432,299.90870022730604,299.9093906586691,299.9101438302489,299.9109193812098,299.9116896539882,299.9124353920089,299.9131360267449,299.91376693428197,299.91429186226213,299.91465669289136,299.91478249594445,299.91455957087646,299.91384143069206,299.9124425020967,299.91013525093774,299.90665271799855,299.90169290689727,299.89492476230845,299.8859982391289,299.87455454489674,299.8602381895495,299.84270904015574,299.82165506318296,299.7968014474308,299.76792047502624
973.3333129882812,299.97396313032374,299.9126278616281,299.9092196842099,299.90802050236476,299.9078335517302,299.9081403079432,299.90870022730604,299.9093906586691,299.9101438302489,299.9109193812098,299.9116896539882,299.9124353920089,299.9131360267449,299.91376693428197,299.91429186226213,299.91465669289136,299.91478249594445,299.91455957087646,299.91384143069206,299.9124425020967,299.91013525093774,299.90665271799855,299.90169290689727,299.89492476230845,299.8859982391289,299.87455454489674,299.8602381895495,299.84270904015574,299.82165506318296,299.7968014474308,299.76792047502624
980.0,299.97396313032374,299.9126278616281,299.9092196842099,299.90802050236476,299.9078335517302,299.9081403079432,299.90870022730604,299.9093906586691,299.9101438302489,299.9109193812098,299.9116896539882,299.9124353920089,299.9131360267449,299.91376693428197,299.91429186226213,299.91465669289136,299.91478249594445,299.91455957087646,299.91384143069206,299.9124425020967,299.91013525093774,299.90665271799855,299.90169290689727,299.89492476230845,299.8859982391289,299.87455454489674,299.8602381895495,299.84270904015574,299.82165506318296,299.7968014474308,299.76792047502624
986.6666870117188,299.97396313032374,299.9126278616281,299.9092196842099,299.90802050236476,299.9078335517302,299.9081403079432,299.90870022730604,299.9093906586691,299.9101438302489,299.9109193812098,299.9116896539882,299.9124353920089,299.9131360267449,299.91376693428197,299.91429186226213,299.91465669289136,299.91478249594445,299.91455957087646,299.91384143069206,299.9124425020967,299.91013525093774,299.90665271799855,299.90169290689727,299.89492476230845,299.8859982391289,299.87455454489674,299.8602381895495,299.84270904015574,299.82165506318296,299.7968014474308,299.76792047502624
993.3333129882812,299.97396313032374,299.9126278616281,299.9092196842099,299.90802050236476,299.9078335517302,299.9081403079432,299.90870022730604,299.9093906586691,299.9101438302489,299.9109193812098,299.9116896539882,299.9124353920089,299.9131360267449,299.91376693428197,299.91429186226213,299.91465669289136,299.91478249594445,299.91455957087646,299.91384143069206,299.9124425020967,299.91013525093774,299.90665271799855,299.90169290689727,299.89492476230845,299.8859982391289,299.87455454489674,299.8602381895495,299.84270904015574,299.82165506318296,299.7968014474308,299.76792047502624
1000.0,,,,,,,,,,,,,,,,,,,,,,,,,,,,,,,
